USE wordpress

INSERT INTO wp_enquetes
(id,name,start_date,end_date,poll_or_question)
VALUES
(
	'6',
  	'アンケート 6',
  	'2013-12-01',
  	'2013-12-31',
  	'1'
);
INSERT INTO wp_questions
(id,enquete_id,sort_id,question_text,multiple_answer)
VALUES
(
	'26',
  	'6',
  	'1',
  	'問題6-1です。',
	'1'
);
INSERT INTO wp_selections
(id,question_id,sort_id,selection_display,to_select_flag)
VALUES
(
  	'126',
	'26',
  	'1',
  	'1-1',
  	false
);
INSERT INTO wp_selections
(id,question_id,sort_id,selection_display,to_select_flag)
VALUES
(
  	'127',
	'26',
  	'2',
  	'1-2',
  	false
);
INSERT INTO wp_selections
(id,question_id,sort_id,selection_display,to_select_flag)
VALUES
(
  	'128',
	'26',
  	'3',
  	'1-3',
  	false
);
INSERT INTO wp_selections
(id,question_id,sort_id,selection_display,to_select_flag)
VALUES
(
  	'129',
	'26',
  	'4',
  	'1-4',
  	false
);
INSERT INTO wp_questions
(id,enquete_id,sort_id,question_text,multiple_answer)
VALUES
(
	'27',
  	'6',
  	'2',
  	'問題6-2です。',
	'1'
);
INSERT INTO wp_selections
(id,question_id,sort_id,selection_display,to_select_flag)
VALUES
(
  	'130',
	'27',
  	'1',
  	'2-1',
  	false
);
INSERT INTO wp_selections
(id,question_id,sort_id,selection_display,to_select_flag)
VALUES
(
  	'131',
	'27',
  	'2',
  	'2-2',
  	false
);
INSERT INTO wp_selections
(id,question_id,sort_id,selection_display,to_select_flag)
VALUES
(
  	'132',
	'27',
  	'3',
  	'2-3',
  	false
);
INSERT INTO wp_selections
(id,question_id,sort_id,selection_display,to_select_flag)
VALUES
(
  	'133',
	'27',
  	'4',
  	'2-4',
  	false
);
INSERT INTO wp_questions
(id,enquete_id,sort_id,question_text,multiple_answer)
VALUES
(
	'28',
  	'6',
  	'3',
  	'問題6-3です。',
	'1'
);
INSERT INTO wp_selections
(id,question_id,sort_id,selection_display,to_select_flag)
VALUES
(
  	'134',
	'28',
  	'1',
  	'3-1',
  	false
);
INSERT INTO wp_selections
(id,question_id,sort_id,selection_display,to_select_flag)
VALUES
(
  	'135',
	'28',
  	'2',
  	'3-2',
  	false
);
INSERT INTO wp_selections
(id,question_id,sort_id,selection_display,to_select_flag)
VALUES
(
  	'136',
	'28',
  	'3',
  	'3-3',
  	false
);
INSERT INTO wp_selections
(id,question_id,sort_id,selection_display,to_select_flag)
VALUES
(
  	'137',
	'28',
  	'4',
  	'3-4',
  	false
);
INSERT INTO wp_questions
(id,enquete_id,sort_id,question_text,multiple_answer)
VALUES
(
	'29',
  	'6',
  	'4',
  	'問題6-4です。',
	'1'
);
INSERT INTO wp_selections
(id,question_id,sort_id,selection_display,to_select_flag)
VALUES
(
  	'138',
	'29',
  	'1',
  	'4-1',
  	false
);
INSERT INTO wp_selections
(id,question_id,sort_id,selection_display,to_select_flag)
VALUES
(
  	'139',
	'29',
  	'2',
  	'4-2',
  	false
);
INSERT INTO wp_selections
(id,question_id,sort_id,selection_display,to_select_flag)
VALUES
(
  	'140',
	'29',
  	'3',
  	'4-3',
  	false
);
INSERT INTO wp_selections
(id,question_id,sort_id,selection_display,to_select_flag)
VALUES
(
  	'141',
	'29',
  	'4',
  	'4-4',
  	false
);
INSERT INTO wp_enquetes
(id,name,start_date,end_date,poll_or_question)
VALUES
(
	'7',
  	'アンケート 7',
  	'2013-12-01',
  	'2013-12-31',
  	'1'
);
INSERT INTO wp_questions
(id,enquete_id,sort_id,question_text,multiple_answer)
VALUES
(
	'30',
  	'7',
  	'1',
  	'問題7-1です。',
	'1'
);
INSERT INTO wp_selections
(id,question_id,sort_id,selection_display,to_select_flag)
VALUES
(
  	'142',
	'30',
  	'1',
  	'1-1',
  	false
);
INSERT INTO wp_selections
(id,question_id,sort_id,selection_display,to_select_flag)
VALUES
(
  	'143',
	'30',
  	'2',
  	'1-2',
  	false
);
INSERT INTO wp_selections
(id,question_id,sort_id,selection_display,to_select_flag)
VALUES
(
  	'144',
	'30',
  	'3',
  	'1-3',
  	false
);
INSERT INTO wp_selections
(id,question_id,sort_id,selection_display,to_select_flag)
VALUES
(
  	'145',
	'30',
  	'4',
  	'1-4',
  	false
);
INSERT INTO wp_questions
(id,enquete_id,sort_id,question_text,multiple_answer)
VALUES
(
	'31',
  	'7',
  	'2',
  	'問題7-2です。',
	'1'
);
INSERT INTO wp_selections
(id,question_id,sort_id,selection_display,to_select_flag)
VALUES
(
  	'146',
	'31',
  	'1',
  	'2-1',
  	false
);
INSERT INTO wp_selections
(id,question_id,sort_id,selection_display,to_select_flag)
VALUES
(
  	'147',
	'31',
  	'2',
  	'2-2',
  	false
);
INSERT INTO wp_selections
(id,question_id,sort_id,selection_display,to_select_flag)
VALUES
(
  	'148',
	'31',
  	'3',
  	'2-3',
  	false
);
INSERT INTO wp_selections
(id,question_id,sort_id,selection_display,to_select_flag)
VALUES
(
  	'149',
	'31',
  	'4',
  	'2-4',
  	false
);
INSERT INTO wp_questions
(id,enquete_id,sort_id,question_text,multiple_answer)
VALUES
(
	'32',
  	'7',
  	'3',
  	'問題7-3です。',
	'1'
);
INSERT INTO wp_selections
(id,question_id,sort_id,selection_display,to_select_flag)
VALUES
(
  	'150',
	'32',
  	'1',
  	'3-1',
  	false
);
INSERT INTO wp_selections
(id,question_id,sort_id,selection_display,to_select_flag)
VALUES
(
  	'151',
	'32',
  	'2',
  	'3-2',
  	false
);
INSERT INTO wp_selections
(id,question_id,sort_id,selection_display,to_select_flag)
VALUES
(
  	'152',
	'32',
  	'3',
  	'3-3',
  	false
);
INSERT INTO wp_selections
(id,question_id,sort_id,selection_display,to_select_flag)
VALUES
(
  	'153',
	'32',
  	'4',
  	'3-4',
  	false
);
INSERT INTO wp_questions
(id,enquete_id,sort_id,question_text,multiple_answer)
VALUES
(
	'33',
  	'7',
  	'4',
  	'問題7-4です。',
	'1'
);
INSERT INTO wp_selections
(id,question_id,sort_id,selection_display,to_select_flag)
VALUES
(
  	'154',
	'33',
  	'1',
  	'4-1',
  	false
);
INSERT INTO wp_selections
(id,question_id,sort_id,selection_display,to_select_flag)
VALUES
(
  	'155',
	'33',
  	'2',
  	'4-2',
  	false
);
INSERT INTO wp_selections
(id,question_id,sort_id,selection_display,to_select_flag)
VALUES
(
  	'156',
	'33',
  	'3',
  	'4-3',
  	false
);
INSERT INTO wp_selections
(id,question_id,sort_id,selection_display,to_select_flag)
VALUES
(
  	'157',
	'33',
  	'4',
  	'4-4',
  	false
);
INSERT INTO wp_enquetes
(id,name,start_date,end_date,poll_or_question)
VALUES
(
	'8',
  	'アンケート 8',
  	'2013-12-01',
  	'2013-12-31',
  	'1'
);
INSERT INTO wp_questions
(id,enquete_id,sort_id,question_text,multiple_answer)
VALUES
(
	'34',
  	'8',
  	'1',
  	'問題8-1です。',
	'1'
);
INSERT INTO wp_selections
(id,question_id,sort_id,selection_display,to_select_flag)
VALUES
(
  	'158',
	'34',
  	'1',
  	'1-1',
  	false
);
INSERT INTO wp_selections
(id,question_id,sort_id,selection_display,to_select_flag)
VALUES
(
  	'159',
	'34',
  	'2',
  	'1-2',
  	false
);
INSERT INTO wp_selections
(id,question_id,sort_id,selection_display,to_select_flag)
VALUES
(
  	'160',
	'34',
  	'3',
  	'1-3',
  	false
);
INSERT INTO wp_selections
(id,question_id,sort_id,selection_display,to_select_flag)
VALUES
(
  	'161',
	'34',
  	'4',
  	'1-4',
  	false
);
INSERT INTO wp_questions
(id,enquete_id,sort_id,question_text,multiple_answer)
VALUES
(
	'35',
  	'8',
  	'2',
  	'問題8-2です。',
	'1'
);
INSERT INTO wp_selections
(id,question_id,sort_id,selection_display,to_select_flag)
VALUES
(
  	'162',
	'35',
  	'1',
  	'2-1',
  	false
);
INSERT INTO wp_selections
(id,question_id,sort_id,selection_display,to_select_flag)
VALUES
(
  	'163',
	'35',
  	'2',
  	'2-2',
  	false
);
INSERT INTO wp_selections
(id,question_id,sort_id,selection_display,to_select_flag)
VALUES
(
  	'164',
	'35',
  	'3',
  	'2-3',
  	false
);
INSERT INTO wp_selections
(id,question_id,sort_id,selection_display,to_select_flag)
VALUES
(
  	'165',
	'35',
  	'4',
  	'2-4',
  	false
);
INSERT INTO wp_questions
(id,enquete_id,sort_id,question_text,multiple_answer)
VALUES
(
	'36',
  	'8',
  	'3',
  	'問題8-3です。',
	'1'
);
INSERT INTO wp_selections
(id,question_id,sort_id,selection_display,to_select_flag)
VALUES
(
  	'166',
	'36',
  	'1',
  	'3-1',
  	false
);
INSERT INTO wp_selections
(id,question_id,sort_id,selection_display,to_select_flag)
VALUES
(
  	'167',
	'36',
  	'2',
  	'3-2',
  	false
);
INSERT INTO wp_selections
(id,question_id,sort_id,selection_display,to_select_flag)
VALUES
(
  	'168',
	'36',
  	'3',
  	'3-3',
  	false
);
INSERT INTO wp_selections
(id,question_id,sort_id,selection_display,to_select_flag)
VALUES
(
  	'169',
	'36',
  	'4',
  	'3-4',
  	false
);
INSERT INTO wp_questions
(id,enquete_id,sort_id,question_text,multiple_answer)
VALUES
(
	'37',
  	'8',
  	'4',
  	'問題8-4です。',
	'1'
);
INSERT INTO wp_selections
(id,question_id,sort_id,selection_display,to_select_flag)
VALUES
(
  	'170',
	'37',
  	'1',
  	'4-1',
  	false
);
INSERT INTO wp_selections
(id,question_id,sort_id,selection_display,to_select_flag)
VALUES
(
  	'171',
	'37',
  	'2',
  	'4-2',
  	false
);
INSERT INTO wp_selections
(id,question_id,sort_id,selection_display,to_select_flag)
VALUES
(
  	'172',
	'37',
  	'3',
  	'4-3',
  	false
);
INSERT INTO wp_selections
(id,question_id,sort_id,selection_display,to_select_flag)
VALUES
(
  	'173',
	'37',
  	'4',
  	'4-4',
  	false
);
INSERT INTO wp_enquetes
(id,name,start_date,end_date,poll_or_question)
VALUES
(
	'9',
  	'アンケート 9',
  	'2013-12-01',
  	'2013-12-31',
  	'1'
);
INSERT INTO wp_questions
(id,enquete_id,sort_id,question_text,multiple_answer)
VALUES
(
	'38',
  	'9',
  	'1',
  	'問題9-1です。',
	'1'
);
INSERT INTO wp_selections
(id,question_id,sort_id,selection_display,to_select_flag)
VALUES
(
  	'174',
	'38',
  	'1',
  	'1-1',
  	false
);
INSERT INTO wp_selections
(id,question_id,sort_id,selection_display,to_select_flag)
VALUES
(
  	'175',
	'38',
  	'2',
  	'1-2',
  	false
);
INSERT INTO wp_selections
(id,question_id,sort_id,selection_display,to_select_flag)
VALUES
(
  	'176',
	'38',
  	'3',
  	'1-3',
  	false
);
INSERT INTO wp_selections
(id,question_id,sort_id,selection_display,to_select_flag)
VALUES
(
  	'177',
	'38',
  	'4',
  	'1-4',
  	false
);
INSERT INTO wp_questions
(id,enquete_id,sort_id,question_text,multiple_answer)
VALUES
(
	'39',
  	'9',
  	'2',
  	'問題9-2です。',
	'1'
);
INSERT INTO wp_selections
(id,question_id,sort_id,selection_display,to_select_flag)
VALUES
(
  	'178',
	'39',
  	'1',
  	'2-1',
  	false
);
INSERT INTO wp_selections
(id,question_id,sort_id,selection_display,to_select_flag)
VALUES
(
  	'179',
	'39',
  	'2',
  	'2-2',
  	false
);
INSERT INTO wp_selections
(id,question_id,sort_id,selection_display,to_select_flag)
VALUES
(
  	'180',
	'39',
  	'3',
  	'2-3',
  	false
);
INSERT INTO wp_selections
(id,question_id,sort_id,selection_display,to_select_flag)
VALUES
(
  	'181',
	'39',
  	'4',
  	'2-4',
  	false
);
INSERT INTO wp_questions
(id,enquete_id,sort_id,question_text,multiple_answer)
VALUES
(
	'40',
  	'9',
  	'3',
  	'問題9-3です。',
	'1'
);
INSERT INTO wp_selections
(id,question_id,sort_id,selection_display,to_select_flag)
VALUES
(
  	'182',
	'40',
  	'1',
  	'3-1',
  	false
);
INSERT INTO wp_selections
(id,question_id,sort_id,selection_display,to_select_flag)
VALUES
(
  	'183',
	'40',
  	'2',
  	'3-2',
  	false
);
INSERT INTO wp_selections
(id,question_id,sort_id,selection_display,to_select_flag)
VALUES
(
  	'184',
	'40',
  	'3',
  	'3-3',
  	false
);
INSERT INTO wp_selections
(id,question_id,sort_id,selection_display,to_select_flag)
VALUES
(
  	'185',
	'40',
  	'4',
  	'3-4',
  	false
);
INSERT INTO wp_questions
(id,enquete_id,sort_id,question_text,multiple_answer)
VALUES
(
	'41',
  	'9',
  	'4',
  	'問題9-4です。',
	'1'
);
INSERT INTO wp_selections
(id,question_id,sort_id,selection_display,to_select_flag)
VALUES
(
  	'186',
	'41',
  	'1',
  	'4-1',
  	false
);
INSERT INTO wp_selections
(id,question_id,sort_id,selection_display,to_select_flag)
VALUES
(
  	'187',
	'41',
  	'2',
  	'4-2',
  	false
);
INSERT INTO wp_selections
(id,question_id,sort_id,selection_display,to_select_flag)
VALUES
(
  	'188',
	'41',
  	'3',
  	'4-3',
  	false
);
INSERT INTO wp_selections
(id,question_id,sort_id,selection_display,to_select_flag)
VALUES
(
  	'189',
	'41',
  	'4',
  	'4-4',
  	false
);
INSERT INTO wp_enquetes
(id,name,start_date,end_date,poll_or_question)
VALUES
(
	'10',
  	'アンケート 10',
  	'2013-12-01',
  	'2013-12-31',
  	'1'
);
INSERT INTO wp_questions
(id,enquete_id,sort_id,question_text,multiple_answer)
VALUES
(
	'42',
  	'10',
  	'1',
  	'問題10-1です。',
	'1'
);
INSERT INTO wp_selections
(id,question_id,sort_id,selection_display,to_select_flag)
VALUES
(
  	'190',
	'42',
  	'1',
  	'1-1',
  	false
);
INSERT INTO wp_selections
(id,question_id,sort_id,selection_display,to_select_flag)
VALUES
(
  	'191',
	'42',
  	'2',
  	'1-2',
  	false
);
INSERT INTO wp_selections
(id,question_id,sort_id,selection_display,to_select_flag)
VALUES
(
  	'192',
	'42',
  	'3',
  	'1-3',
  	false
);
INSERT INTO wp_selections
(id,question_id,sort_id,selection_display,to_select_flag)
VALUES
(
  	'193',
	'42',
  	'4',
  	'1-4',
  	false
);
INSERT INTO wp_questions
(id,enquete_id,sort_id,question_text,multiple_answer)
VALUES
(
	'43',
  	'10',
  	'2',
  	'問題10-2です。',
	'1'
);
INSERT INTO wp_selections
(id,question_id,sort_id,selection_display,to_select_flag)
VALUES
(
  	'194',
	'43',
  	'1',
  	'2-1',
  	false
);
INSERT INTO wp_selections
(id,question_id,sort_id,selection_display,to_select_flag)
VALUES
(
  	'195',
	'43',
  	'2',
  	'2-2',
  	false
);
INSERT INTO wp_selections
(id,question_id,sort_id,selection_display,to_select_flag)
VALUES
(
  	'196',
	'43',
  	'3',
  	'2-3',
  	false
);
INSERT INTO wp_selections
(id,question_id,sort_id,selection_display,to_select_flag)
VALUES
(
  	'197',
	'43',
  	'4',
  	'2-4',
  	false
);
INSERT INTO wp_questions
(id,enquete_id,sort_id,question_text,multiple_answer)
VALUES
(
	'44',
  	'10',
  	'3',
  	'問題10-3です。',
	'1'
);
INSERT INTO wp_selections
(id,question_id,sort_id,selection_display,to_select_flag)
VALUES
(
  	'198',
	'44',
  	'1',
  	'3-1',
  	false
);
INSERT INTO wp_selections
(id,question_id,sort_id,selection_display,to_select_flag)
VALUES
(
  	'199',
	'44',
  	'2',
  	'3-2',
  	false
);
INSERT INTO wp_selections
(id,question_id,sort_id,selection_display,to_select_flag)
VALUES
(
  	'200',
	'44',
  	'3',
  	'3-3',
  	false
);
INSERT INTO wp_selections
(id,question_id,sort_id,selection_display,to_select_flag)
VALUES
(
  	'201',
	'44',
  	'4',
  	'3-4',
  	false
);
INSERT INTO wp_questions
(id,enquete_id,sort_id,question_text,multiple_answer)
VALUES
(
	'45',
  	'10',
  	'4',
  	'問題10-4です。',
	'1'
);
INSERT INTO wp_selections
(id,question_id,sort_id,selection_display,to_select_flag)
VALUES
(
  	'202',
	'45',
  	'1',
  	'4-1',
  	false
);
INSERT INTO wp_selections
(id,question_id,sort_id,selection_display,to_select_flag)
VALUES
(
  	'203',
	'45',
  	'2',
  	'4-2',
  	false
);
INSERT INTO wp_selections
(id,question_id,sort_id,selection_display,to_select_flag)
VALUES
(
  	'204',
	'45',
  	'3',
  	'4-3',
  	false
);
INSERT INTO wp_selections
(id,question_id,sort_id,selection_display,to_select_flag)
VALUES
(
  	'205',
	'45',
  	'4',
  	'4-4',
  	false
);
